"Country Name","Country Code","Indicator Name","Indicator Code","1960","1961","1962","1963","1964","1965","1966","1967","1968","1969","1970","1971","1972","1973","1974","1975","1976","1977","1978","1979","1980","1981","1982","1983","1984","1985","1986","1987","1988","1989","1990","1991","1992","1993","1994","1995","1996","1997","1998","1999","2000","2001","2002","2003","2004","2005","2006","2007","2008","2009","2010","2011","2012","2013","2014","2015","2016","2017","2018","2019","2020","2021","2022","2023","2024",
"Aruba","ABW","Índice de desempeño logístico: Total (De 1= bajo a 5= alto)","LP.LPI.OVRL.XQ","","","","","","","","","","","","","","","","","","","","","","","","","","","","","","","","","","","","","","","","","","","","","","","","","","","","","","","","","","","","","","","","","",
"","AFE","Índice de desempeño logístico: Total (De 1= bajo a 5= alto)","LP.LPI.OVRL.XQ","","","","","","","","","","","","","","","","","","","","","","","","","","","","","","","","","","","","","","","","","","","","","","","","2.38523809523809","","","2.38","","2.46421052631579","","2.46972818181818","","2.57862257142857","","2.49222222222222","","","","2.61818181818182","","",
"Afganistán","AFG","Índice de desempeño logístico: Total (De 1= bajo a 5= alto)","LP.LPI.OVRL.XQ","","","","","","","","","","","","","","","","","","","","","","","","","","","","","","","","","","","","","","","","","","","","","","","","1.21","","","2.24","","2.3","","2.069573","","2.141282","","1.95","","","","1.9","","",
"","AFW","Índice de desempeño logístico: Total (De 1= bajo a 5= alto)","LP.LPI.OVRL.XQ","","","","","","","","","","","","","","","","","","","","","","","","","","","","","","","","","","","","","","","","","","","","","","","","2.30333333333333","","","2.46388888888889","","2.44833333333333","","2.4518314","","2.34997684210526","","2.41333333333333","","","","2.47333333333333","","",
"Angola","AGO","Índice de desempeño logístico: Total (De 1= bajo a 5= alto)","LP.LPI.OVRL.XQ","","","","","","","","","","","","","","","","","","","","","","","","","","","","","","","","","","","","","","","","","","","","","","","","2.48","","","2.25","","2.28","","2.54298","","2.241183","","2.05","","","","2.1","","",
"Albania","ALB","Índice de desempeño logístico: Total (De 1= bajo a 5= alto)","LP.LPI.OVRL.XQ","","","","","","","","","","","","","","","","","","","","","","","","","","","","","","","","","","","","","","","","","","","","","","","","2.08","","","2.46","","2.77","","","","2.412498","","2.66","","","","2.5","","",
"Andorra","AND","Índice de desempeño logístico: Total (De 1= bajo a 5= alto)","LP.LPI.OVRL.XQ","","","","","","","","","","","","","","","","","","","","","","","","","","","","","","","","","","","","","","","","","","","","","","","","","","","","","","","","","","","","","","","","","",
"El mundo árabe","ARB","Índice de desempeño logístico: Total (De 1= bajo a 5= alto)","LP.LPI.OVRL.XQ","","","","","","","","","","","","","","","","","","","","","","","","","","","","","","","","","","","","","","","","","","","","","","","","2.62736842105263","","","2.70157894736842","","2.7075","","2.6422202","","2.7123212","","2.67809523809524","","","","2.79375","","",
"Emiratos Árabes Unidos","ARE","Índice de desempeño logístico: Total (De 1= bajo a 5= alto)","LP.LPI.OVRL.XQ","","","","","","","","","","","","","","","","","","","","","","","","","","","","","","","","","","","","","","","","","","","","","","","","3.73","","","3.63","","3.78","","3.539098","","3.941767","","3.96","","","","4","","",
"Argentina","ARG","Índice de desempeño logístico: Total (De 1= bajo a 5= alto)","LP.LPI.OVRL.XQ","","","","","","","","","","","","","","","","","","","","","","","","","","","","","","","","","","","","","","","","","","","","","","","","2.98","","","3.1","","3.05","","2.986475","","2.962629","","2.89","","","","2.8","","",
"Armenia","ARM","Índice de desempeño logístico: Total (De 1= bajo a 5= alto)","LP.LPI.OVRL.XQ","","","","","","","","","","","","","","","","","","","","","","","","","","","","","","","","","","","","","","","","","","","","","","","","2.14","","","2.52","","2.56","","2.672723","","2.205513","","2.61","","","","2.5","","",
"Samoa Americana","ASM","Índice de desempeño logístico: Total (De 1= bajo a 5= alto)","LP.LPI.OVRL.XQ","","","","","","","","","","","","","","","","","","","","","","","","","","","","","","","","","","","","","","","","","","","","","","","","","","","","","","","","","","","","","","","","","",
"Antigua y Barbuda","ATG","Índice de desempeño logístico: Total (De 1= bajo a 5= alto)","LP.LPI.OVRL.XQ","","","","","","","","","","","","","","","","","","","","","","","","","","","","","","","","","","","","","","","","","","","","","","","","","","","","","","","","","","","","","","","2.9","","",
"Australia","AUS","Índice de desempeño logístico: Total (De 1= bajo a 5= alto)","LP.LPI.OVRL.XQ","","","","","","","","","","","","","","","","","","","","","","","","","","","","","","","","","","","","","","","","","","","","","","","","3.79","","","3.84","","3.73","","3.810776","","3.793385","","3.75","","","","3.7","","",
"Austria","AUT","Índice de desempeño logístico: Total (De 1= bajo a 5= alto)","LP.LPI.OVRL.XQ","","","","","","","","","","","","","","","","","","","","","","","","","","","","","","","","","","","","","","","","","","","","","","","","4.06","","","3.76","","3.89","","3.648587","","4.097985","","4.03","","","","4","","",
"Azerbaiyán","AZE","Índice de desempeño logístico: Total (De 1= bajo a 5= alto)","LP.LPI.OVRL.XQ","","","","","","","","","","","","","","","","","","","","","","","","","","","","","","","","","","","","","","","","","","","","","","","","2.29","","","2.64","","2.48","","2.448376","","","","","","","","","","",
"Burundi","BDI","Índice de desempeño logístico: Total (De 1= bajo a 5= alto)","LP.LPI.OVRL.XQ","","","","","","","","","","","","","","","","","","","","","","","","","","","","","","","","","","","","","","","","","","","","","","","","2.29","","","","","1.61","","2.565735","","2.509776","","2.06","","","","","","",
"Bélgica","BEL","Índice de desempeño logístico: Total (De 1= bajo a 5= alto)","LP.LPI.OVRL.XQ","","","","","","","","","","","","","","","","","","","","","","","","","","","","","","","","","","","","","","","","","","","","","","","","3.89","","","3.94","","3.98","","4.04466","","4.108538","","4.04","","","","4","","",
"Benin","BEN","Índice de desempeño logístico: Total (De 1= bajo a 5= alto)","LP.LPI.OVRL.XQ","","","","","","","","","","","","","","","","","","","","","","","","","","","","","","","","","","","","","","","","","","","","","","","","2.45","","","2.79","","2.85","","2.560822","","2.428125","","2.75","","","","2.9","","",
"Burkina Faso","BFA","Índice de desempeño logístico: Total (De 1= bajo a 5= alto)","LP.LPI.OVRL.XQ","","","","","","","","","","","","","","","","","","","","","","","","","","","","","","","","","","","","","","","","","","","","","","","","2.24","","","2.23","","2.32","","2.6383","","2.73081","","2.62","","","","2.3","","",
"Bangladesh","BGD","Índice de desempeño logístico: Total (De 1= bajo a 5= alto)","LP.LPI.OVRL.XQ","","","","","","","","","","","","","","","","","","","","","","","","","","","","","","","","","","","","","","","","","","","","","","","","2.47","","","2.74","","","","2.56334","","2.663902","","2.58","","","","2.6","","",
"Bulgaria","BGR","Índice de desempeño logístico: Total (De 1= bajo a 5= alto)","LP.LPI.OVRL.XQ","","","","","","","","","","","","","","","","","","","","","","","","","","","","","","","","","","","","","","","","","","","","","","","","2.87","","","2.83","","3.21","","3.157151","","2.807685","","3.03","","","","3.2","","",
"Bahrein","BHR","Índice de desempeño logístico: Total (De 1= bajo a 5= alto)","LP.LPI.OVRL.XQ","","","","","","","","","","","","","","","","","","","","","","","","","","","","","","","","","","","","","","","","","","","","","","","","3.15","","","3.37","","3.05","","3.083116","","3.314021","","2.93","","","","3.5","","",
"Bahamas","BHS","Índice de desempeño logístico: Total (De 1= bajo a 5= alto)","LP.LPI.OVRL.XQ","","","","","","","","","","","","","","","","","","","","","","","","","","","","","","","","","","","","","","","","","","","","","","","","","","","2.75","","2.75","","2.910966","","2.749937","","2.53","","","","2.7","","",
"Bosnia y Herzegovina","BIH","Índice de desempeño logístico: Total (De 1= bajo a 5= alto)","LP.LPI.OVRL.XQ","","","","","","","","","","","","","","","","","","","","","","","","","","","","","","","","","","","","","","","","","","","","","","","","2.46","","","2.66","","2.99","","2.747618","","2.596254","","2.81","","","","3","","",
"Belarús","BLR","Índice de desempeño logístico: Total (De 1= bajo a 5= alto)","LP.LPI.OVRL.XQ","","","","","","","","","","","","","","","","","","","","","","","","","","","","","","","","","","","","","","","","","","","","","","","","2.53","","","","","2.61","","2.638168","","2.399232","","2.57","","","","2.7","","",
"Belice","BLZ","Índice de desempeño logístico: Total (De 1= bajo a 5= alto)","LP.LPI.OVRL.XQ","","","","","","","","","","","","","","","","","","","","","","","","","","","","","","","","","","","","","","","","","","","","","","","","","","","","","","","","","","","","","","","","","",
"Bermudas","BMU","Índice de desempeño logístico: Total (De 1= bajo a 5= alto)","LP.LPI.OVRL.XQ","","","","","","","","","","","","","","","","","","","","","","","","","","","","","","","","","","","","","","","","","","","","","","","","","","","","","","","","","","","","","","","","","",
"Bolivia","BOL","Índice de desempeño logístico: Total (De 1= bajo a 5= alto)","LP.LPI.OVRL.XQ","","","","","","","","","","","","","","","","","","","","","","","","","","","","","","","","","","","","","","","","","","","","","","","","2.31","","","2.51","","2.61","","2.480758","","2.251462","","2.36","","","","2.4","","",
"Brasil","BRA","Índice de desempeño logístico: Total (De 1= bajo a 5= alto)","LP.LPI.OVRL.XQ","","","","","","","","","","","","","","","","","","","","","","","","","","","","","","","","","","","","","","","","","","","","","","","","2.75","","","3.2","","3.13","","2.943951","","3.087984","","2.99","","","","3.2","","",
"Barbados","BRB","Índice de desempeño logístico: Total (De 1= bajo a 5= alto)","LP.LPI.OVRL.XQ","","","","","","","","","","","","","","","","","","","","","","","","","","","","","","","","","","","","","","","","","","","","","","","","","","","","","","","","","","","","","","","","","",
"Brunei Darussalam","BRN","Índice de desempeño logístico: Total (De 1= bajo a 5= alto)","LP.LPI.OVRL.XQ","","","","","","","","","","","","","","","","","","","","","","","","","","","","","","","","","","","","","","","","","","","","","","","","","","","","","","","","","2.870492","","2.71","","","","","","",
"Bhután","BTN","Índice de desempeño logístico: Total (De 1= bajo a 5= alto)","LP.LPI.OVRL.XQ","","","","","","","","","","","","","","","","","","","","","","","","","","","","","","","","","","","","","","","","","","","","","","","","2.16","","","2.38","","2.52","","2.29013","","2.321436","","2.17","","","","2.5","","",
"Botswana","BWA","Índice de desempeño logístico: Total (De 1= bajo a 5= alto)","LP.LPI.OVRL.XQ","","","","","","","","","","","","","","","","","","","","","","","","","","","","","","","","","","","","","","","","","","","","","","","","","","","2.32","","2.84","","2.492775","","3.045458","","","","","","3.1","","",
"República Centroafricana","CAF","Índice de desempeño logístico: Total (De 1= bajo a 5= alto)","LP.LPI.OVRL.XQ","","","","","","","","","","","","","","","","","","","","","","","","","","","","","","","","","","","","","","","","","","","","","","","","","","","","","","","2.360932","","","","2.15","","","","2.5","","",
"Canadá","CAN","Índice de desempeño logístico: Total (De 1= bajo a 5= alto)","LP.LPI.OVRL.XQ","","","","","","","","","","","","","","","","","","","","","","","","","","","","","","","","","","","","","","","","","","","","","","","","3.92","","","3.87","","3.85","","3.855498","","3.930707","","3.73","","","","4","","",
"Europa Central y del Báltico","CEB","Índice de desempeño logístico: Total (De 1= bajo a 5= alto)","LP.LPI.OVRL.XQ","","","","","","","","","","","","","","","","","","","","","","","","","","","","","","","","","","","","","","","","","","","","","","","","2.96545454545455","","","3.09363636363636","","3.09272727272727","","3.316988","","3.30313409090909","","3.21545454545455","","","","3.35454545454545","","",
"Suiza","CHE","Índice de desempeño logístico: Total (De 1= bajo a 5= alto)","LP.LPI.OVRL.XQ","","","","","","","","","","","","","","","","","","","","","","","","","","","","","","","","","","","","","","","","","","","","","","","","4.02","","","3.97","","3.8","","3.843969","","3.987158","","3.9","","","","4.1","","",
"Islas del Canal","CHI","Índice de desempeño logístico: Total (De 1= bajo a 5= alto)","LP.LPI.OVRL.XQ","","","","","","","","","","","","","","","","","","","","","","","","","","","","","","","","","","","","","","","","","","","","","","","","","","","","","","","","","","","","","","","","","",
"Chile","CHL","Índice de desempeño logístico: Total (De 1= bajo a 5= alto)","LP.LPI.OVRL.XQ","","","","","","","","","","","","","","","","","","","","","","","","","","","","","","","","","","","","","","","","","","","","","","","","3.25","","","3.09","","3.17","","3.255786","","3.248442","","3.32","","","","3","","",
"China","CHN","Índice de desempeño logístico: Total (De 1= bajo a 5= alto)","LP.LPI.OVRL.XQ","","","","","","","","","","","","","","","","","","","","","","","","","","","","","","","","","","","","","","","","","","","","","","","","3.32","","","3.49","","3.52","","3.531463","","3.661104","","3.61","","","","3.7","","",
"Côte d'Ivoire","CIV","Índice de desempeño logístico: Total (De 1= bajo a 5= alto)","LP.LPI.OVRL.XQ","","","","","","","","","","","","","","","","","","","","","","","","","","","","","","","","","","","","","","","","","","","","","","","","2.36","","","2.53","","2.73","","2.761981","","2.602573","","3.08","","","","","","",
"Camerún","CMR","Índice de desempeño logístico: Total (De 1= bajo a 5= alto)","LP.LPI.OVRL.XQ","","","","","","","","","","","","","","","","","","","","","","","","","","","","","","","","","","","","","","","","","","","","","","","","2.49","","","2.55","","2.53","","2.296616","","2.151499","","2.6","","","","2.1","","",
"Congo, República Democrática del","COD","Índice de desempeño logístico: Total (De 1= bajo a 5= alto)","LP.LPI.OVRL.XQ","","","","","","","","","","","","","","","","","","","","","","","","","","","","","","","","","","","","","","","","","","","","","","","","","","","2.68","","2.21","","1.878857","","2.375762","","2.43","","","","2.5","","",
"Congo, República del","COG","Índice de desempeño logístico: Total (De 1= bajo a 5= alto)","LP.LPI.OVRL.XQ","","","","","","","","","","","","","","","","","","","","","","","","","","","","","","","","","","","","","","","","","","","","","","","","","","","2.48","","2.08","","2.077149","","2.376768","","2.49","","","","2.6","","",
"Colombia","COL","Índice de desempeño logístico: Total (De 1= bajo a 5= alto)","LP.LPI.OVRL.XQ","","","","","","","","","","","","","","","","","","","","","","","","","","","","","","","","","","","","","","","","","","","","","","","","2.5","","","2.77","","2.87","","2.639637","","2.612351","","2.94","","","","2.9","","",
"Comoras","COM","Índice de desempeño logístico: Total (De 1= bajo a 5= alto)","LP.LPI.OVRL.XQ","","","","","","","","","","","","","","","","","","","","","","","","","","","","","","","","","","","","","","","","","","","","","","","","2.48","","","2.45","","2.14","","2.402136","","2.57914","","2.56","","","","","","",
"Cabo Verde","CPV","Índice de desempeño logístico: Total (De 1= bajo a 5= alto)","LP.LPI.OVRL.XQ","","","","","","","","","","","","","","","","","","","","","","","","","","","","","","","","","","","","","","","","","","","","","","","","","","","","","","","","","","","","","","","","","",
"Costa Rica","CRI","Índice de desempeño logístico: Total (De 1= bajo a 5= alto)","LP.LPI.OVRL.XQ","","","","","","","","","","","","","","","","","","","","","","","","","","","","","","","","","","","","","","","","","","","","","","","","2.55","","","2.91","","2.75","","2.700719","","2.64897","","2.79","","","","2.9","","",
"Estados pequeos del Caribe","CSS","Índice de desempeño logístico: Total (De 1= bajo a 5= alto)","LP.LPI.OVRL.XQ","","","","","","","","","","","","","","","","","","","","","","","","","","","","","","","","","","","","","","","","","","","","","","","","2.05","","","2.51","","2.54","","2.685049","","2.60512433333333","","2.43666666666667","","","","2.6","","",
"Cuba","CUB","Índice de desempeño logístico: Total (De 1= bajo a 5= alto)","LP.LPI.OVRL.XQ","","","","","","","","","","","","","","","","","","","","","","","","","","","","","","","","","","","","","","","","","","","","","","","","","","","2.07","","2.2","","2.179734","","2.346459","","2.2","","","","2.2","","",
"Curacao","CUW","Índice de desempeño logístico: Total (De 1= bajo a 5= alto)","LP.LPI.OVRL.XQ","","","","","","","","","","","","","","","","","","","","","","","","","","","","","","","","","","","","","","","","","","","","","","","","","","","","","","","","","","","","","","","","","",
"Islas Caimán","CYM","Índice de desempeño logístico: Total (De 1= bajo a 5= alto)","LP.LPI.OVRL.XQ","","","","","","","","","","","","","","","","","","","","","","","","","","","","","","","","","","","","","","","","","","","","","","","","","","","","","","","","","","","","","","","","","",
"Chipre","CYP","Índice de desempeño logístico: Total (De 1= bajo a 5= alto)","LP.LPI.OVRL.XQ","","","","","","","","","","","","","","","","","","","","","","","","","","","","","","","","","","","","","","","","","","","","","","","","2.92","","","3.13","","3.24","","3.000577","","2.999061","","3.15","","","","3.2","","",
"República Checa","CZE","Índice de desempeño logístico: Total (De 1= bajo a 5= alto)","LP.LPI.OVRL.XQ","","","","","","","","","","","","","","","","","","","","","","","","","","","","","","","","","","","","","","","","","","","","","","","","3.13","","","3.51","","3.14","","3.492416","","3.674309","","3.68","","","","3.3","","",
"Alemania","DEU","Índice de desempeño logístico: Total (De 1= bajo a 5= alto)","LP.LPI.OVRL.XQ","","","","","","","","","","","","","","","","","","","","","","","","","","","","","","","","","","","","","","","","","","","","","","","","4.1","","","4.11","","4.03","","4.121983","","4.225967","","4.2","","","","4.1","","",
"Djibouti","DJI","Índice de desempeño logístico: Total (De 1= bajo a 5= alto)","LP.LPI.OVRL.XQ","","","","","","","","","","","","","","","","","","","","","","","","","","","","","","","","","","","","","","","","","","","","","","","","1.94","","","2.39","","1.8","","2.149867","","2.32254","","2.63","","","","2.7","","",
"Dominica","DMA","Índice de desempeño logístico: Total (De 1= bajo a 5= alto)","LP.LPI.OVRL.XQ","","","","","","","","","","","","","","","","","","","","","","","","","","","","","","","","","","","","","","","","","","","","","","","","","","","","","","","","","","","","","","","","","",
"Dinamarca","DNK","Índice de desempeño logístico: Total (De 1= bajo a 5= alto)","LP.LPI.OVRL.XQ","","","","","","","","","","","","","","","","","","","","","","","","","","","","","","","","","","","","","","","","","","","","","","","","3.86","","","3.85","","4.02","","3.78252","","3.815794","","3.99","","","","4.1","","",
"República Dominicana","DOM","Índice de desempeño logístico: Total (De 1= bajo a 5= alto)","LP.LPI.OVRL.XQ","","","","","","","","","","","","","","","","","","","","","","","","","","","","","","","","","","","","","","","","","","","","","","","","2.38","","","2.82","","2.7","","2.860551","","2.62728","","2.66","","","","2.6","","",
"Argelia","DZA","Índice de desempeño logístico: Total (De 1= bajo a 5= alto)","LP.LPI.OVRL.XQ","","","","","","","","","","","","","","","","","","","","","","","","","","","","","","","","","","","","","","","","","","","","","","","","2.06","","","2.36","","2.41","","2.649451","","2.769683","","2.45","","","","2.5","","",
"Asia oriental y el Pacífico (excluido altos ingresos)","EAP","Índice de desempeño logístico: Total (De 1= bajo a 5= alto)","LP.LPI.OVRL.XQ","","","","","","","","","","","","","","","","","","","","","","","","","","","","","","","","","","","","","","","","","","","","","","","","2.58153846153846","","","2.72692307692308","","2.77230769230769","","2.85316438461538","","2.787426","","2.81538461538462","","","","2.95833333333333","","",
"inicial del dividendo demográfico","EAR","Índice de desempeño logístico: Total (De 1= bajo a 5= alto)","LP.LPI.OVRL.XQ","","","","","","","","","","","","","","","","","","","","","","","","","","","","","","","","","","","","","","","","","","","","","","","","2.48382978723404","","","2.65632653061224","","2.63787234042553","","2.69526668","","2.65887832","","2.63297872340426","","","","2.74651162790698","","",
"Asia oriental y el Pacífico","EAS","Índice de desempeño logístico: Total (De 1= bajo a 5= alto)","LP.LPI.OVRL.XQ","","","","","","","","","","","","","","","","","","","","","","","","","","","","","","","","","","","","","","","","","","","","","","","","3.0235","","","3.1115","","3.139","","3.18375385","","3.13744447619048","","3.14761904761905","","","","3.3","","",
"Europa y Asia central (excluido altos ingresos)","ECA","Índice de desempeño logístico: Total (De 1= bajo a 5= alto)","LP.LPI.OVRL.XQ","","","","","","","","","","","","","","","","","","","","","","","","","","","","","","","","","","","","","","","","","","","","","","","","2.34142857142857","","","2.63875","","2.65375","","2.6635915","","2.498787625","","2.656875","","","","2.72","","",
"Europa y Asia central","ECS","Índice de desempeño logístico: Total (De 1= bajo a 5= alto)","LP.LPI.OVRL.XQ","","","","","","","","","","","","","","","","","","","","","","","","","","","","","","","","","","","","","","","","","","","","","","","","3.08068181818182","","","3.19191489361702","","3.18723404255319","","3.25684406382979","","3.22612140425532","","3.24042553191489","","","","3.32391304347826","","",
"Ecuador","ECU","Índice de desempeño logístico: Total (De 1= bajo a 5= alto)","LP.LPI.OVRL.XQ","","","","","","","","","","","","","","","","","","","","","","","","","","","","","","","","","","","","","","","","","","","","","","","","2.6","","","2.77","","2.76","","2.710986","","2.779081","","2.88","","","","","","",
"Egipto, República Árabe de","EGY","Índice de desempeño logístico: Total (De 1= bajo a 5= alto)","LP.LPI.OVRL.XQ","","","","","","","","","","","","","","","","","","","","","","","","","","","","","","","","","","","","","","","","","","","","","","","","2.37","","","2.61","","2.98","","2.965911","","3.184964","","2.82","","","","3.1","","",
"Zona del Euro","EMU","Índice de desempeño logístico: Total (De 1= bajo a 5= alto)","LP.LPI.OVRL.XQ","","","","","","","","","","","","","","","","","","","","","","","","","","","","","","","","","","","","","","","","","","","","","","","","3.44947368421053","","","3.471","","3.4665","","3.55222105","","3.63302775","","3.5095","","","","3.655","","",
"Eritrea","ERI","Índice de desempeño logístico: Total (De 1= bajo a 5= alto)","LP.LPI.OVRL.XQ","","","","","","","","","","","","","","","","","","","","","","","","","","","","","","","","","","","","","","","","","","","","","","","","2.19","","","1.7","","2.11","","2.084755","","2.171842","","2.09","","","","","","",
"España","ESP","Índice de desempeño logístico: Total (De 1= bajo a 5= alto)","LP.LPI.OVRL.XQ","","","","","","","","","","","","","","","","","","","","","","","","","","","","","","","","","","","","","","","","","","","","","","","","3.52","","","3.63","","3.7","","3.718636","","3.727412","","3.83","","","","3.9","","",
"Estonia","EST","Índice de desempeño logístico: Total (De 1= bajo a 5= alto)","LP.LPI.OVRL.XQ","","","","","","","","","","","","","","","","","","","","","","","","","","","","","","","","","","","","","","","","","","","","","","","","2.95","","","3.16","","2.86","","3.34592","","3.363489","","3.31","","","","3.6","","",
"Etiopía","ETH","Índice de desempeño logístico: Total (De 1= bajo a 5= alto)","LP.LPI.OVRL.XQ","","","","","","","","","","","","","","","","","","","","","","","","","","","","","","","","","","","","","","","","","","","","","","","","2.33","","","2.41","","2.24","","2.593625","","2.376767","","","","","","","","",
"Unión Europea","EUU","Índice de desempeño logístico: Total (De 1= bajo a 5= alto)","LP.LPI.OVRL.XQ","","","","","","","","","","","","","","","","","","","","","","","","","","","","","","","","","","","","","","","","","","","","","","","","3.40692307692308","","","3.44296296296296","","3.45","","3.54286218518519","","3.59299633333333","","3.51925925925926","","","","3.61851851851852","","",
"Frágiles y situaciones de conflicto afectados","FCS","Índice de desempeño logístico: Total (De 1= bajo a 5= alto)","LP.LPI.OVRL.XQ","","","","","","","","","","","","","","","","","","","","","","","","","","","","","","","","","","","","","","","","","","","","","","","","2.24518518518518","","","2.39111111111111","","2.35111111111111","","2.38627722580645","","2.34384810344828","","2.35","","","","2.38095238095238","","",
"Finlandia","FIN","Índice de desempeño logístico: Total (De 1= bajo a 5= alto)","LP.LPI.OVRL.XQ","","","","","","","","","","","","","","","","","","","","","","","","","","","","","","","","","","","","","","","","","","","","","","","","3.82","","","3.89","","4.05","","3.623035","","3.920745","","3.97","","","","4.2","","",
"Fiji","FJI","Índice de desempeño logístico: Total (De 1= bajo a 5= alto)","LP.LPI.OVRL.XQ","","","","","","","","","","","","","","","","","","","","","","","","","","","","","","","","","","","","","","","","","","","","","","","","","","","2.24","","2.42","","2.545003","","2.316186","","2.35","","","","2.3","","",
"Francia","FRA","Índice de desempeño logístico: Total (De 1= bajo a 5= alto)","LP.LPI.OVRL.XQ","","","","","","","","","","","","","","","","","","","","","","","","","","","","","","","","","","","","","","","","","","","","","","","","3.76","","","3.84","","3.85","","3.847305","","3.900953","","3.84","","","","3.9","","",
"Islas Feroe","FRO","Índice de desempeño logístico: Total (De 1= bajo a 5= alto)","LP.LPI.OVRL.XQ","","","","","","","","","","","","","","","","","","","","","","","","","","","","","","","","","","","","","","","","","","","","","","","","","","","","","","","","","","","","","","","","","",
"Micronesia (Estados Federados de)","FSM","Índice de desempeño logístico: Total (De 1= bajo a 5= alto)","LP.LPI.OVRL.XQ","","","","","","","","","","","","","","","","","","","","","","","","","","","","","","","","","","","","","","","","","","","","","","","","","","","","","","","","","","","","","","","","","",
"Gabón","GAB","Índice de desempeño logístico: Total (De 1= bajo a 5= alto)","LP.LPI.OVRL.XQ","","","","","","","","","","","","","","","","","","","","","","","","","","","","","","","","","","","","","","","","","","","","","","","","2.1","","","2.41","","2.34","","2.202899","","2.19165","","2.16","","","","2.4","","",
"Reino Unido","GBR","Índice de desempeño logístico: Total (De 1= bajo a 5= alto)","LP.LPI.OVRL.XQ","","","","","","","","","","","","","","","","","","","","","","","","","","","","","","","","","","","","","","","","","","","","","","","","3.99","","","3.95","","3.9","","4.014649","","4.069669","","3.99","","","","3.7","","",
"Georgia","GEO","Índice de desempeño logístico: Total (De 1= bajo a 5= alto)","LP.LPI.OVRL.XQ","","","","","","","","","","","","","","","","","","","","","","","","","","","","","","","","","","","","","","","","","","","","","","","","","","","2.61","","2.77","","2.507491","","2.353013","","2.44","","","","2.7","","",
"Ghana","GHA","Índice de desempeño logístico: Total (De 1= bajo a 5= alto)","LP.LPI.OVRL.XQ","","","","","","","","","","","","","","","","","","","","","","","","","","","","","","","","","","","","","","","","","","","","","","","","2.16","","","2.47","","2.51","","2.626934","","2.660931","","2.57","","","","2.5","","",
"Gibraltar","GIB","Índice de desempeño logístico: Total (De 1= bajo a 5= alto)","LP.LPI.OVRL.XQ","","","","","","","","","","","","","","","","","","","","","","","","","","","","","","","","","","","","","","","","","","","","","","","","","","","","","","","","","","","","","","","","","",
"Guinea","GIN","Índice de desempeño logístico: Total (De 1= bajo a 5= alto)","LP.LPI.OVRL.XQ","","","","","","","","","","","","","","","","","","","","","","","","","","","","","","","","","","","","","","","","","","","","","","","","2.71","","","2.6","","2.48","","2.464191","","2.35896","","2.2","","","","2.5","","",
"Gambia","GMB","Índice de desempeño logístico: Total (De 1= bajo a 5= alto)","LP.LPI.OVRL.XQ","","","","","","","","","","","","","","","","","","","","","","","","","","","","","","","","","","","","","","","","","","","","","","","","2.52","","","2.49","","2.46","","2.249081","","","","2.4","","","","2.3","","",
"Guinea-Bissau","GNB","Índice de desempeño logístico: Total (De 1= bajo a 5= alto)","LP.LPI.OVRL.XQ","","","","","","","","","","","","","","","","","","","","","","","","","","","","","","","","","","","","","","","","","","","","","","","","2.28","","","2.1","","2.6","","2.426464","","2.370681","","2.39","","","","2.6","","",
"Guinea Ecuatorial","GNQ","Índice de desempeño logístico: Total (De 1= bajo a 5= alto)","LP.LPI.OVRL.XQ","","","","","","","","","","","","","","","","","","","","","","","","","","","","","","","","","","","","","","","","","","","","","","","","","","","","","","","2.354636","","1.87919","","2.32","","","","","","",
"Grecia","GRC","Índice de desempeño logístico: Total (De 1= bajo a 5= alto)","LP.LPI.OVRL.XQ","","","","","","","","","","","","","","","","","","","","","","","","","","","","","","","","","","","","","","","","","","","","","","","","3.36","","","2.96","","2.83","","3.201602","","3.239516","","3.2","","","","3.7","","",
"Granada","GRD","Índice de desempeño logístico: Total (De 1= bajo a 5= alto)","LP.LPI.OVRL.XQ","","","","","","","","","","","","","","","","","","","","","","","","","","","","","","","","","","","","","","","","","","","","","","","","","","","","","","","","","","","","","","","2.5","","",
"Groenlandia","GRL","Índice de desempeño logístico: Total (De 1= bajo a 5= alto)","LP.LPI.OVRL.XQ","","","","","","","","","","","","","","","","","","","","","","","","","","","","","","","","","","","","","","","","","","","","","","","","","","","","","","","","","","","","","","","","","",
"Guatemala","GTM","Índice de desempeño logístico: Total (De 1= bajo a 5= alto)","LP.LPI.OVRL.XQ","","","","","","","","","","","","","","","","","","","","","","","","","","","","","","","","","","","","","","","","","","","","","","","","2.53","","","2.63","","2.8","","2.797453","","2.476327","","2.41","","","","2.6","","",
"Guam","GUM","Índice de desempeño logístico: Total (De 1= bajo a 5= alto)","LP.LPI.OVRL.XQ","","","","","","","","","","","","","","","","","","","","","","","","","","","","","","","","","","","","","","","","","","","","","","","","","","","","","","","","","","","","","","","","","",
"Guyana","GUY","Índice de desempeño logístico: Total (De 1= bajo a 5= alto)","LP.LPI.OVRL.XQ","","","","","","","","","","","","","","","","","","","","","","","","","","","","","","","","","","","","","","","","","","","","","","","","2.05","","","2.27","","2.33","","2.459132","","2.667018","","2.36","","","","2.4","","",
"Ingreso alto","HIC","Índice de desempeño logístico: Total (De 1= bajo a 5= alto)","LP.LPI.OVRL.XQ","","","","","","","","","","","","","","","","","","","","","","","","","","","","","","","","","","","","","","","","","","","","","","","","3.38607843137255","","","3.41888888888889","","3.41471698113207","","3.47538538888889","","3.506640375","","3.42589285714286","","","","3.525","","",
"Hong Kong, Región Administrativa Especial","HKG","Índice de desempeño logístico: Total (De 1= bajo a 5= alto)","LP.LPI.OVRL.XQ","","","","","","","","","","","","","","","","","","","","","","","","","","","","","","","","","","","","","","","","","","","","","","","","4","","","3.88","","4.12","","3.826763","","4.069103","","3.92","","","","4","","",
"Honduras","HND","Índice de desempeño logístico: Total (De 1= bajo a 5= alto)","LP.LPI.OVRL.XQ","","","","","","","","","","","","","","","","","","","","","","","","","","","","","","","","","","","","","","","","","","","","","","","","2.5","","","2.78","","2.53","","2.607427","","2.462812","","2.6","","","","2.9","","",
"Países pobres muy endeudados (PPME)","HPC","Índice de desempeño logístico: Total (De 1= bajo a 5= alto)","LP.LPI.OVRL.XQ","","","","","","","","","","","","","","","","","","","","","","","","","","","","","","","","","","","","","","","","","","","","","","","","2.28138888888889","","","2.40470588235294","","2.388125","","2.41567837837838","","2.40625119444444","","2.41542857142857","","","","2.42916666666667","","",
"Croacia","HRV","Índice de desempeño logístico: Total (De 1= bajo a 5= alto)","LP.LPI.OVRL.XQ","","","","","","","","","","","","","","","","","","","","","","","","","","","","","","","","","","","","","","","","","","","","","","","","2.71","","","2.77","","3.16","","3.052949","","3.160829","","3.1","","","","3.3","","",
"Haití","HTI","Índice de desempeño logístico: Total (De 1= bajo a 5= alto)","LP.LPI.OVRL.XQ","","","","","","","","","","","","","","","","","","","","","","","","","","","","","","","","","","","","","","","","","","","","","","","","2.21","","","2.59","","2.03","","2.269601","","1.716096","","2.11","","","","2.1","","",
"Hungría","HUN","Índice de desempeño logístico: Total (De 1= bajo a 5= alto)","LP.LPI.OVRL.XQ","","","","","","","","","","","","","","","","","","","","","","","","","","","","","","","","","","","","","","","","","","","","","","","","3.15","","","2.99","","3.17","","3.464438","","3.428968","","3.42","","","","3.2","","",
"Sólo BIRF","IBD","Índice de desempeño logístico: Total (De 1= bajo a 5= alto)","LP.LPI.OVRL.XQ","","","","","","","","","","","","","","","","","","","","","","","","","","","","","","","","","","","","","","","","","","","","","","","","2.61924528301887","","","2.76368421052632","","2.81431034482759","","2.83754173684211","","2.75520366101695","","2.77155172413793","","","","2.86111111111111","","",
"BIRF y la AIF","IBT","Índice de desempeño logístico: Total (De 1= bajo a 5= alto)","LP.LPI.OVRL.XQ","","","","","","","","","","","","","","","","","","","","","","","","","","","","","","","","","","","","","","","","","","","","","","","","2.43559633027523","","","2.60081818181818","","2.622","","2.63636264347826","","2.58694207017544","","2.60491228070175","","","","2.69255319148936","","",
"total de la AIF","IDA","Índice de desempeño logístico: Total (De 1= bajo a 5= alto)","LP.LPI.OVRL.XQ","","","","","","","","","","","","","","","","","","","","","","","","","","","","","","","","","","","","","","","","","","","","","","","","2.26178571428571","","","2.42566037735849","","2.4075","","2.43865215517241","","2.40644327272727","","2.43232142857143","","","","2.465","","",
"mezcla de la AIF","IDB","Índice de desempeño logístico: Total (De 1= bajo a 5= alto)","LP.LPI.OVRL.XQ","","","","","","","","","","","","","","","","","","","","","","","","","","","","","","","","","","","","","","","","","","","","","","","","2.32555555555555","","","2.52333333333333","","2.486","","2.529118","","2.5327187","","2.515","","","","2.4875","","",
"Indonesia","IDN","Índice de desempeño logístico: Total (De 1= bajo a 5= alto)","LP.LPI.OVRL.XQ","","","","","","","","","","","","","","","","","","","","","","","","","","","","","","","","","","","","","","","","","","","","","","","","3.01","","","2.76","","2.94","","3.081806","","2.984537","","3.15","","","","3","","",
"Sólo AIF","IDX","Índice de desempeño logístico: Total (De 1= bajo a 5= alto)","LP.LPI.OVRL.XQ","","","","","","","","","","","","","","","","","","","","","","","","","","","","","","","","","","","","","","","","","","","","","","","","2.24957446808511","","","2.40568181818182","","2.38880952380952","","2.41980510416667","","2.37838206666667","","2.41434782608696","","","","2.459375","","",
"Isla de Man","IMN","Índice de desempeño logístico: Total (De 1= bajo a 5= alto)","LP.LPI.OVRL.XQ","","","","","","","","","","","","","","","","","","","","","","","","","","","","","","","","","","","","","","","","","","","","","","","","","","","","","","","","","","","","","","","","","",
"India","IND","Índice de desempeño logístico: Total (De 1= bajo a 5= alto)","LP.LPI.OVRL.XQ","","","","","","","","","","","","","","","","","","","","","","","","","","","","","","","","","","","","","","","","","","","","","","","","3.07","","","3.12","","3.08","","3.080137","","3.420043","","3.18","","","","3.4","","",
"No clasificado","INX","Índice de desempeño logístico: Total (De 1= bajo a 5= alto)","LP.LPI.OVRL.XQ","","","","","","","","","","","","","","","","","","","","","","","","","","","","","","","","","","","","","","","","","","","","","","","","","","","","","","","","","","","","","","","","","",
"Irlanda","IRL","Índice de desempeño logístico: Total (De 1= bajo a 5= alto)","LP.LPI.OVRL.XQ","","","","","","","","","","","","","","","","","","","","","","","","","","","","","","","","","","","","","","","","","","","","","","","","3.91","","","3.89","","3.52","","3.868014","","3.794886","","3.51","","","","3.6","","",
"Irán, República Islámica del","IRN","Índice de desempeño logístico: Total (De 1= bajo a 5= alto)","LP.LPI.OVRL.XQ","","","","","","","","","","","","","","","","","","","","","","","","","","","","","","","","","","","","","","","","","","","","","","","","2.51","","","2.57","","2.49","","","","2.601254","","2.85","","","","2.3","","",
"Iraq","IRQ","Índice de desempeño logístico: Total (De 1= bajo a 5= alto)","LP.LPI.OVRL.XQ","","","","","","","","","","","","","","","","","","","","","","","","","","","","","","","","","","","","","","","","","","","","","","","","","","","2.11","","2.16","","2.29784","","2.149902","","2.18","","","","2.4","","",
"Islandia","ISL","Índice de desempeño logístico: Total (De 1= bajo a 5= alto)","LP.LPI.OVRL.XQ","","","","","","","","","","","","","","","","","","","","","","","","","","","","","","","","","","","","","","","","","","","","","","","","","","","3.2","","3.39","","3.391863","","3.345605","","3.23","","","","3.6","","",
"Israel","ISR","Índice de desempeño logístico: Total (De 1= bajo a 5= alto)","LP.LPI.OVRL.XQ","","","","","","","","","","","","","","","","","","","","","","","","","","","","","","","","","","","","","","","","","","","","","","","","3.21","","","3.41","","","","3.260446","","3.66033","","3.31","","","","3.6","","",
"Italia","ITA","Índice de desempeño logístico: Total (De 1= bajo a 5= alto)","LP.LPI.OVRL.XQ","","","","","","","","","","","","","","","","","","","","","","","","","","","","","","","","","","","","","","","","","","","","","","","","3.58","","","3.64","","3.67","","3.691076","","3.755414","","3.74","","","","3.7","","",
"Jamaica","JAM","Índice de desempeño logístico: Total (De 1= bajo a 5= alto)","LP.LPI.OVRL.XQ","","","","","","","","","","","","","","","","","","","","","","","","","","","","","","","","","","","","","","","","","","","","","","","","2.25","","","2.53","","2.42","","2.842494","","2.400214","","2.52","","","","2.5","","",
"Jordania","JOR","Índice de desempeño logístico: Total (De 1= bajo a 5= alto)","LP.LPI.OVRL.XQ","","","","","","","","","","","","","","","","","","","","","","","","","","","","","","","","","","","","","","","","","","","","","","","","2.89","","","2.74","","2.56","","2.873924","","2.956611","","2.69","","","","","","",
"Japón","JPN","Índice de desempeño logístico: Total (De 1= bajo a 5= alto)","LP.LPI.OVRL.XQ","","","","","","","","","","","","","","","","","","","","","","","","","","","","","","","","","","","","","","","","","","","","","","","","4.02","","","3.97","","3.93","","3.914618","","3.970464","","4.03","","","","3.9","","",
"Kazajstán","KAZ","Índice de desempeño logístico: Total (De 1= bajo a 5= alto)","LP.LPI.OVRL.XQ","","","","","","","","","","","","","","","","","","","","","","","","","","","","","","","","","","","","","","","","","","","","","","","","2.12","","","2.83","","2.69","","2.69942","","2.751998","","2.81","","","","2.7","","",
"Kenya","KEN","Índice de desempeño logístico: Total (De 1= bajo a 5= alto)","LP.LPI.OVRL.XQ","","","","","","","","","","","","","","","","","","","","","","","","","","","","","","","","","","","","","","","","","","","","","","","","2.52","","","2.59","","2.43","","2.812079","","3.331295","","2.81","","","","","","",
"Kirguistán","KGZ","Índice de desempeño logístico: Total (De 1= bajo a 5= alto)","LP.LPI.OVRL.XQ","","","","","","","","","","","","","","","","","","","","","","","","","","","","","","","","","","","","","","","","","","","","","","","","2.35","","","2.62","","2.35","","2.209336","","2.15593","","2.55","","","","2.3","","",
"Camboya","KHM","Índice de desempeño logístico: Total (De 1= bajo a 5= alto)","LP.LPI.OVRL.XQ","","","","","","","","","","","","","","","","","","","","","","","","","","","","","","","","","","","","","","","","","","","","","","","","2.5","","","2.37","","2.56","","2.741407","","2.80059","","2.58","","","","2.4","","",
"Kiribati","KIR","Índice de desempeño logístico: Total (De 1= bajo a 5= alto)","LP.LPI.OVRL.XQ","","","","","","","","","","","","","","","","","","","","","","","","","","","","","","","","","","","","","","","","","","","","","","","","","","","","","","","","","","","","","","","","","",
"Saint Kitts y Nevis","KNA","Índice de desempeño logístico: Total (De 1= bajo a 5= alto)","LP.LPI.OVRL.XQ","","","","","","","","","","","","","","","","","","","","","","","","","","","","","","","","","","","","","","","","","","","","","","","","","","","","","","","","","","","","","","","","","",
"Corea, República de","KOR","Índice de desempeño logístico: Total (De 1= bajo a 5= alto)","LP.LPI.OVRL.XQ","","","","","","","","","","","","","","","","","","","","","","","","","","","","","","","","","","","","","","","","","","","","","","","","3.52","","","3.64","","3.7","","3.666238","","3.717126","","3.61","","","","3.8","","",
"Kuwait","KWT","Índice de desempeño logístico: Total (De 1= bajo a 5= alto)","LP.LPI.OVRL.XQ","","","","","","","","","","","","","","","","","","","","","","","","","","","","","","","","","","","","","","","","","","","","","","","","2.99","","","3.28","","2.83","","3.0113","","3.151619","","2.86","","","","3.2","","",
"América Latina y el Caribe (excluido altos ingresos)","LAC","Índice de desempeño logístico: Total (De 1= bajo a 5= alto)","LP.LPI.OVRL.XQ","","","","","","","","","","","","","","","","","","","","","","","","","","","","","","","","","","","","","","","","","","","","","","","","2.53933333333333","","","2.72375","","2.67866666666667","","2.7300971875","","2.595515","","2.644","","","","2.65625","","",
"República Democrática Popular Lao","LAO","Índice de desempeño logístico: Total (De 1= bajo a 5= alto)","LP.LPI.OVRL.XQ","","","","","","","","","","","","","","","","","","","","","","","","","","","","","","","","","","","","","","","","","","","","","","","","2.25","","","2.46","","2.5","","2.389703","","2.067254","","2.7","","","","2.4","","",
"Líbano","LBN","Índice de desempeño logístico: Total (De 1= bajo a 5= alto)","LP.LPI.OVRL.XQ","","","","","","","","","","","","","","","","","","","","","","","","","","","","","","","","","","","","","","","","","","","","","","","","2.37","","","3.34","","2.58","","2.725805","","2.717255","","2.72","","","","","","",
"Liberia","LBR","Índice de desempeño logístico: Total (De 1= bajo a 5= alto)","LP.LPI.OVRL.XQ","","","","","","","","","","","","","","","","","","","","","","","","","","","","","","","","","","","","","","","","","","","","","","","","2.31","","","2.38","","2.45","","2.62","","2.203914","","2.23","","","","2.4","","",
"Libia","LBY","Índice de desempeño logístico: Total (De 1= bajo a 5= alto)","LP.LPI.OVRL.XQ","","","","","","","","","","","","","","","","","","","","","","","","","","","","","","","","","","","","","","","","","","","","","","","","","","","2.33","","2.28","","2.496979","","2.264495","","2.11","","","","1.9","","",
"Santa Lucía","LCA","Índice de desempeño logístico: Total (De 1= bajo a 5= alto)","LP.LPI.OVRL.XQ","","","","","","","","","","","","","","","","","","","","","","","","","","","","","","","","","","","","","","","","","","","","","","","","","","","","","","","","","","","","","","","","","",
"América Latina y el Caribe","LCN","Índice de desempeño logístico: Total (De 1= bajo a 5= alto)","LP.LPI.OVRL.XQ","","","","","","","","","","","","","","","","","","","","","","","","","","","","","","","","","","","","","","","","","","","","","","","","2.56952380952381","","","2.74130434782609","","2.70818181818182","","2.76907182608696","","2.664341375","","2.66434782608696","","","","2.692","","",
"Países menos desarrollados: clasificación de las Naciones Unidas","LDC","Índice de desempeño logístico: Total (De 1= bajo a 5= alto)","LP.LPI.OVRL.XQ","","","","","","","","","","","","","","","","","","","","","","","","","","","","","","","","","","","","","","","","","","","","","","","","2.23615384615385","","","2.37885714285714","","2.35484848484848","","2.39611481578947","","2.38803922222222","","2.38648648648649","","","","2.42083333333333","","",
"Países de ingreso bajo","LIC","Índice de desempeño logístico: Total (De 1= bajo a 5= alto)","LP.LPI.OVRL.XQ","","","","","","","","","","","","","","","","","","","","","","","","","","","","","","","","","","","","","","","","","","","","","","","","2.18761904761905","","","2.3185","","2.37944444444444","","2.33442066666667","","2.37477942105263","","2.34863636363636","","","","2.37333333333333","","",
"Liechtenstein","LIE","Índice de desempeño logístico: Total (De 1= bajo a 5= alto)","LP.LPI.OVRL.XQ","","","","","","","","","","","","","","","","","","","","","","","","","","","","","","","","","","","","","","","","","","","","","","","","","","","","","","","","","","","","","","","","","",
"Sri Lanka","LKA","Índice de desempeño logístico: Total (De 1= bajo a 5= alto)","LP.LPI.OVRL.XQ","","","","","","","","","","","","","","","","","","","","","","","","","","","","","","","","","","","","","","","","","","","","","","","","2.4","","","2.29","","2.75","","2.695239","","","","2.6","","","","2.8","","",
"Países de ingreso mediano bajo","LMC","Índice de desempeño logístico: Total (De 1= bajo a 5= alto)","LP.LPI.OVRL.XQ","","","","","","","","","","","","","","","","","","","","","","","","","","","","","","","","","","","","","","","","","","","","","","","","2.37977272727273","","","2.57435897435897","","2.53121951219512","","2.5607136744186","","2.50865944186046","","2.54292682926829","","","","2.63103448275862","","",
"Ingreso mediano y bajo","LMY","Índice de desempeño logístico: Total (De 1= bajo a 5= alto)","LP.LPI.OVRL.XQ","","","","","","","","","","","","","","","","","","","","","","","","","","","","","","","","","","","","","","","","","","","","","","","","2.4059793814433","","","2.57111111111111","","2.58939393939394","","2.596270375","","2.55153624509804","","2.56815533980583","","","","2.65","","",
"Lesotho","LSO","Índice de desempeño logístico: Total (De 1= bajo a 5= alto)","LP.LPI.OVRL.XQ","","","","","","","","","","","","","","","","","","","","","","","","","","","","","","","","","","","","","","","","","","","","","","","","2.3","","","","","2.24","","2.372849","","2.025983","","2.28","","","","","","",
"avanzada del dividendo demográfico","LTE","Índice de desempeño logístico: Total (De 1= bajo a 5= alto)","LP.LPI.OVRL.XQ","","","","","","","","","","","","","","","","","","","","","","","","","","","","","","","","","","","","","","","","","","","","","","","","2.69297297297297","","","2.89585365853659","","2.88142857142857","","2.945706125","","2.90023404878049","","2.89372093023256","","","","3.01025641025641","","",
"Lituania","LTU","Índice de desempeño logístico: Total (De 1= bajo a 5= alto)","LP.LPI.OVRL.XQ","","","","","","","","","","","","","","","","","","","","","","","","","","","","","","","","","","","","","","","","","","","","","","","","2.78","","","3.13","","2.95","","3.178416","","3.631688","","3.02","","","","3.4","","",
"Luxemburgo","LUX","Índice de desempeño logístico: Total (De 1= bajo a 5= alto)","LP.LPI.OVRL.XQ","","","","","","","","","","","","","","","","","","","","","","","","","","","","","","","","","","","","","","","","","","","","","","","","3.54","","","3.98","","3.82","","3.946726","","4.219409","","3.63","","","","3.6","","",
"Letonia","LVA","Índice de desempeño logístico: Total (De 1= bajo a 5= alto)","LP.LPI.OVRL.XQ","","","","","","","","","","","","","","","","","","","","","","","","","","","","","","","","","","","","","","","","","","","","","","","","3.02","","","3.25","","2.78","","3.402789","","3.327107","","2.81","","","","3.5","","",
"Región Administrativa Especial de Macao, China","MAC","Índice de desempeño logístico: Total (De 1= bajo a 5= alto)","LP.LPI.OVRL.XQ","","","","","","","","","","","","","","","","","","","","","","","","","","","","","","","","","","","","","","","","","","","","","","","","","","","","","","","","","","","","","","","","","",
"Isla de San Martín (parte francesa)","MAF","Índice de desempeño logístico: Total (De 1= bajo a 5= alto)","LP.LPI.OVRL.XQ","","","","","","","","","","","","","","","","","","","","","","","","","","","","","","","","","","","","","","","","","","","","","","","","","","","","","","","","","","","","","","","","","",
"Marruecos","MAR","Índice de desempeño logístico: Total (De 1= bajo a 5= alto)","LP.LPI.OVRL.XQ","","","","","","","","","","","","","","","","","","","","","","","","","","","","","","","","","","","","","","","","","","","","","","","","2.38","","","","","3.03","","","","2.665994","","2.54","","","","","","",
"Mónaco","MCO","Índice de desempeño logístico: Total (De 1= bajo a 5= alto)","LP.LPI.OVRL.XQ","","","","","","","","","","","","","","","","","","","","","","","","","","","","","","","","","","","","","","","","","","","","","","","","","","","","","","","","","","","","","","","","","",
"República de Moldova","MDA","Índice de desempeño logístico: Total (De 1= bajo a 5= alto)","LP.LPI.OVRL.XQ","","","","","","","","","","","","","","","","","","","","","","","","","","","","","","","","","","","","","","","","","","","","","","","","2.31","","","2.57","","2.33","","2.653311","","2.614269","","2.46","","","","2.5","","",
"Madagascar","MDG","Índice de desempeño logístico: Total (De 1= bajo a 5= alto)","LP.LPI.OVRL.XQ","","","","","","","","","","","","","","","","","","","","","","","","","","","","","","","","","","","","","","","","","","","","","","","","2.24","","","2.66","","2.72","","2.382349","","2.154639","","2.39","","","","2.3","","",
"Maldivas","MDV","Índice de desempeño logístico: Total (De 1= bajo a 5= alto)","LP.LPI.OVRL.XQ","","","","","","","","","","","","","","","","","","","","","","","","","","","","","","","","","","","","","","","","","","","","","","","","","","","2.4","","2.55","","2.747544","","2.513077","","2.67","","","","","","",
"Oriente Medio, Norte de África, Afganistán y Pakistán","MEA","Índice de desempeño logístico: Total (De 1= bajo a 5= alto)","LP.LPI.OVRL.XQ","","","","","","","","","","","","","","","","","","","","","","","","","","","","","","","","","","","","","","","","","","","","","","","","2.60473684210526","","","2.8047619047619","","2.77571428571429","","2.77704995","","2.85329133333333","","2.72954545454545","","","","2.88823529411765","","",
"México","MEX","Índice de desempeño logístico: Total (De 1= bajo a 5= alto)","LP.LPI.OVRL.XQ","","","","","","","","","","","","","","","","","","","","","","","","","","","","","","","","","","","","","","","","","","","","","","","","2.87","","","3.05","","3.06","","3.128319","","3.114031","","3.05","","","","2.9","","",
"Islas Marshall","MHL","Índice de desempeño logístico: Total (De 1= bajo a 5= alto)","LP.LPI.OVRL.XQ","","","","","","","","","","","","","","","","","","","","","","","","","","","","","","","","","","","","","","","","","","","","","","","","","","","","","","","","","","","","","","","","","",
" Ingreso mediano","MIC","Índice de desempeño logístico: Total (De 1= bajo a 5= alto)","LP.LPI.OVRL.XQ","","","","","","","","","","","","","","","","","","","","","","","","","","","","","","","","","","","","","","","","","","","","","","","","2.46631578947368","","","2.63506329113924","","2.63604938271605","","2.6625215060241","","2.59199865060241","","2.62777777777778","","","","2.71194029850746","","",
"Macedonia del Norte","MKD","Índice de desempeño logístico: Total (De 1= bajo a 5= alto)","LP.LPI.OVRL.XQ","","","","","","","","","","","","","","","","","","","","","","","","","","","","","","","","","","","","","","","","","","","","","","","","2.43","","","2.77","","2.56","","2.499137","","2.510262","","2.7","","","","3.1","","",
"Malí","MLI","Índice de desempeño logístico: Total (De 1= bajo a 5= alto)","LP.LPI.OVRL.XQ","","","","","","","","","","","","","","","","","","","","","","","","","","","","","","","","","","","","","","","","","","","","","","","","2.29","","","2.27","","","","2.495227","","2.503073","","2.59","","","","2.6","","",
"Malta","MLT","Índice de desempeño logístico: Total (De 1= bajo a 5= alto)","LP.LPI.OVRL.XQ","","","","","","","","","","","","","","","","","","","","","","","","","","","","","","","","","","","","","","","","","","","","","","","","","","","2.82","","3.16","","3.106275","","3.069256","","2.81","","","","3.3","","",
"Myanmar","MMR","Índice de desempeño logístico: Total (De 1= bajo a 5= alto)","LP.LPI.OVRL.XQ","","","","","","","","","","","","","","","","","","","","","","","","","","","","","","","","","","","","","","","","","","","","","","","","1.86","","","2.33","","2.37","","2.249909","","2.458571","","2.3","","","","","","",
"Oriente Medio y Norte de África (excluido altos ingresos)","MNA","Índice de desempeño logístico: Total (De 1= bajo a 5= alto)","LP.LPI.OVRL.XQ","","","","","","","","","","","","","","","","","","","","","","","","","","","","","","","","","","","","","","","","","","","","","","","","2.29083333333333","","","2.56769230769231","","2.57714285714286","","2.49005366666667","","2.52247761538462","","2.46428571428571","","","","2.36666666666667","","",
"Montenegro","MNE","Índice de desempeño logístico: Total (De 1= bajo a 5= alto)","LP.LPI.OVRL.XQ","","","","","","","","","","","","","","","","","","","","","","","","","","","","","","","","","","","","","","","","","","","","","","","","","","","2.43","","2.45","","2.87552","","2.380016","","2.75","","","","2.8","","",
"Mongolia","MNG","Índice de desempeño logístico: Total (De 1= bajo a 5= alto)","LP.LPI.OVRL.XQ","","","","","","","","","","","","","","","","","","","","","","","","","","","","","","","","","","","","","","","","","","","","","","","","2.08","","","2.25","","2.25","","2.355608","","2.506056","","2.37","","","","2.5","","",
"Mariana","MNP","Índice de desempeño logístico: Total (De 1= bajo a 5= alto)","LP.LPI.OVRL.XQ","","","","","","","","","","","","","","","","","","","","","","","","","","","","","","","","","","","","","","","","","","","","","","","","","","","","","","","","","","","","","","","","","",
"Mozambique","MOZ","Índice de desempeño logístico: Total (De 1= bajo a 5= alto)","LP.LPI.OVRL.XQ","","","","","","","","","","","","","","","","","","","","","","","","","","","","","","","","","","","","","","","","","","","","","","","","2.29","","","2.29","","","","2.228925","","2.684105","","","","","","","","",
"Mauritania","MRT","Índice de desempeño logístico: Total (De 1= bajo a 5= alto)","LP.LPI.OVRL.XQ","","","","","","","","","","","","","","","","","","","","","","","","","","","","","","","","","","","","","","","","","","","","","","","","2.63","","","","","2.4","","2.228909","","1.866001","","2.33","","","","2.3","","",
"Mauricio","MUS","Índice de desempeño logístico: Total (De 1= bajo a 5= alto)","LP.LPI.OVRL.XQ","","","","","","","","","","","","","","","","","","","","","","","","","","","","","","","","","","","","","","","","","","","","","","","","2.13","","","2.72","","2.82","","2.514919","","","","2.73","","","","2.5","","",
"Malawi","MWI","Índice de desempeño logístico: Total (De 1= bajo a 5= alto)","LP.LPI.OVRL.XQ","","","","","","","","","","","","","","","","","","","","","","","","","","","","","","","","","","","","","","","","","","","","","","","","2.42","","","","","2.81","","2.813029","","","","2.59","","","","","","",
"Malasia","MYS","Índice de desempeño logístico: Total (De 1= bajo a 5= alto)","LP.LPI.OVRL.XQ","","","","","","","","","","","","","","","","","","","","","","","","","","","","","","","","","","","","","","","","","","","","","","","","3.48","","","3.44","","3.49","","3.590425","","3.426307","","3.22","","","","3.6","","",
"América del Norte","NAC","Índice de desempeño logístico: Total (De 1= bajo a 5= alto)","LP.LPI.OVRL.XQ","","","","","","","","","","","","","","","","","","","","","","","","","","","","","","","","","","","","","","","","","","","","","","","","3.88","","","3.865","","3.89","","3.8866615","","3.9614395","","3.81","","","","3.9","","",
"Namibia","NAM","Índice de desempeño logístico: Total (De 1= bajo a 5= alto)","LP.LPI.OVRL.XQ","","","","","","","","","","","","","","","","","","","","","","","","","","","","","","","","","","","","","","","","","","","","","","","","2.16","","","2.02","","2.65","","2.657883","","2.744745","","","","","","2.9","","",
"Nueva Caledonia","NCL","Índice de desempeño logístico: Total (De 1= bajo a 5= alto)","LP.LPI.OVRL.XQ","","","","","","","","","","","","","","","","","","","","","","","","","","","","","","","","","","","","","","","","","","","","","","","","","","","","","","","","","","","","","","","","","",
"Níger","NER","Índice de desempeño logístico: Total (De 1= bajo a 5= alto)","LP.LPI.OVRL.XQ","","","","","","","","","","","","","","","","","","","","","","","","","","","","","","","","","","","","","","","","","","","","","","","","1.97","","","2.54","","2.69","","2.393399","","2.561951","","2.07","","","","","","",
"Nigeria","NGA","Índice de desempeño logístico: Total (De 1= bajo a 5= alto)","LP.LPI.OVRL.XQ","","","","","","","","","","","","","","","","","","","","","","","","","","","","","","","","","","","","","","","","","","","","","","","","2.4","","","2.59","","2.45","","2.808778","","2.62809","","2.53","","","","2.6","","",
"Nicaragua","NIC","Índice de desempeño logístico: Total (De 1= bajo a 5= alto)","LP.LPI.OVRL.XQ","","","","","","","","","","","","","","","","","","","","","","","","","","","","","","","","","","","","","","","","","","","","","","","","2.21","","","2.54","","","","2.653283","","2.531062","","","","","","2.5","","",
"Países Bajos","NLD","Índice de desempeño logístico: Total (De 1= bajo a 5= alto)","LP.LPI.OVRL.XQ","","","","","","","","","","","","","","","","","","","","","","","","","","","","","","","","","","","","","","","","","","","","","","","","4.18","","","4.07","","4.02","","4.047782","","4.18753","","4.02","","","","4.1","","",
"Noruega","NOR","Índice de desempeño logístico: Total (De 1= bajo a 5= alto)","LP.LPI.OVRL.XQ","","","","","","","","","","","","","","","","","","","","","","","","","","","","","","","","","","","","","","","","","","","","","","","","3.81","","","3.93","","3.68","","3.958243","","3.732163","","3.7","","","","3.7","","",
"Nepal","NPL","Índice de desempeño logístico: Total (De 1= bajo a 5= alto)","LP.LPI.OVRL.XQ","","","","","","","","","","","","","","","","","","","","","","","","","","","","","","","","","","","","","","","","","","","","","","","","2.14","","","2.2","","2.04","","2.587906","","2.376783","","2.51","","","","","","",
"Nauru","NRU","Índice de desempeño logístico: Total (De 1= bajo a 5= alto)","LP.LPI.OVRL.XQ","","","","","","","","","","","","","","","","","","","","","","","","","","","","","","","","","","","","","","","","","","","","","","","","","","","","","","","","","","","","","","","","","",
"Nueva Zelandia","NZL","Índice de desempeño logístico: Total (De 1= bajo a 5= alto)","LP.LPI.OVRL.XQ","","","","","","","","","","","","","","","","","","","","","","","","","","","","","","","","","","","","","","","","","","","","","","","","3.75","","","3.65","","3.42","","3.643892","","3.388","","3.88","","","","3.6","","",
"Miembros OCDE","OED","Índice de desempeño logístico: Total (De 1= bajo a 5= alto)","LP.LPI.OVRL.XQ","","","","","","","","","","","","","","","","","","","","","","","","","","","","","","","","","","","","","","","","","","","","","","","","3.49621621621622","","","3.55","","3.51540540540541","","3.59425986842105","","3.64776884210526","","3.58105263157895","","","","3.63421052631579","","",
"Omán","OMN","Índice de desempeño logístico: Total (De 1= bajo a 5= alto)","LP.LPI.OVRL.XQ","","","","","","","","","","","","","","","","","","","","","","","","","","","","","","","","","","","","","","","","","","","","","","","","2.92","","","2.84","","2.89","","2.995026","","3.234308","","3.2","","","","3.3","","",
"Otros Estados pequeos","OSS","Índice de desempeño logístico: Total (De 1= bajo a 5= alto)","LP.LPI.OVRL.XQ","","","","","","","","","","","","","","","","","","","","","","","","","","","","","","","","","","","","","","","","","","","","","","","","2.39375","","","2.708","","2.67363636363636","","2.77805881818182","","2.73543136363636","","2.78083333333333","","","","3.025","","",
"Pakistán","PAK","Índice de desempeño logístico: Total (De 1= bajo a 5= alto)","LP.LPI.OVRL.XQ","","","","","","","","","","","","","","","","","","","","","","","","","","","","","","","","","","","","","","","","","","","","","","","","2.62","","","2.53","","2.83","","2.825426","","2.923219","","2.42","","","","","","",
"Panamá","PAN","Índice de desempeño logístico: Total (De 1= bajo a 5= alto)","LP.LPI.OVRL.XQ","","","","","","","","","","","","","","","","","","","","","","","","","","","","","","","","","","","","","","","","","","","","","","","","2.89","","","3.02","","2.93","","3.193734","","3.337843","","3.28","","","","3.1","","",
"Perú","PER","Índice de desempeño logístico: Total (De 1= bajo a 5= alto)","LP.LPI.OVRL.XQ","","","","","","","","","","","","","","","","","","","","","","","","","","","","","","","","","","","","","","","","","","","","","","","","2.77","","","2.8","","2.94","","2.840685","","2.893389","","2.69","","","","3","","",
"Filipinas","PHL","Índice de desempeño logístico: Total (De 1= bajo a 5= alto)","LP.LPI.OVRL.XQ","","","","","","","","","","","","","","","","","","","","","","","","","","","","","","","","","","","","","","","","","","","","","","","","2.69","","","3.14","","3.02","","3.003844","","2.856259","","2.9","","","","3.3","","",
"Palau","PLW","Índice de desempeño logístico: Total (De 1= bajo a 5= alto)","LP.LPI.OVRL.XQ","","","","","","","","","","","","","","","","","","","","","","","","","","","","","","","","","","","","","","","","","","","","","","","","","","","","","","","","","","","","","","","","","",
"Papua Nueva Guinea","PNG","Índice de desempeño logístico: Total (De 1= bajo a 5= alto)","LP.LPI.OVRL.XQ","","","","","","","","","","","","","","","","","","","","","","","","","","","","","","","","","","","","","","","","","","","","","","","","2.38","","","2.41","","2.38","","2.430098","","2.510624","","2.17","","","","2.7","","",
"Polonia","POL","Índice de desempeño logístico: Total (De 1= bajo a 5= alto)","LP.LPI.OVRL.XQ","","","","","","","","","","","","","","","","","","","","","","","","","","","","","","","","","","","","","","","","","","","","","","","","3.04","","","3.44","","3.43","","3.493829","","3.425877","","3.54","","","","3.6","","",
"previa al dividendo demográfico","PRE","Índice de desempeño logístico: Total (De 1= bajo a 5= alto)","LP.LPI.OVRL.XQ","","","","","","","","","","","","","","","","","","","","","","","","","","","","","","","","","","","","","","","","","","","","","","","","2.28516129032258","","","2.38966666666667","","2.38357142857143","","2.39432245454545","","2.40239665625","","2.38818181818182","","","","2.39","","",
"Puerto Rico (US)","PRI","Índice de desempeño logístico: Total (De 1= bajo a 5= alto)","LP.LPI.OVRL.XQ","","","","","","","","","","","","","","","","","","","","","","","","","","","","","","","","","","","","","","","","","","","","","","","","","","","","","","","","","","","","","","","","","",
"Corea, República Popular Democrática de","PRK","Índice de desempeño logístico: Total (De 1= bajo a 5= alto)","LP.LPI.OVRL.XQ","","","","","","","","","","","","","","","","","","","","","","","","","","","","","","","","","","","","","","","","","","","","","","","","","","","","","","","","","","","","","","","","","",
"Portugal","PRT","Índice de desempeño logístico: Total (De 1= bajo a 5= alto)","LP.LPI.OVRL.XQ","","","","","","","","","","","","","","","","","","","","","","","","","","","","","","","","","","","","","","","","","","","","","","","","3.38","","","3.34","","3.5","","3.560284","","3.409367","","3.64","","","","3.4","","",
"Paraguay","PRY","Índice de desempeño logístico: Total (De 1= bajo a 5= alto)","LP.LPI.OVRL.XQ","","","","","","","","","","","","","","","","","","","","","","","","","","","","","","","","","","","","","","","","","","","","","","","","2.57","","","2.75","","2.48","","2.779734","","2.561337","","2.78","","","","2.7","","",
"Ribera Occidental y Gaza","PSE","Índice de desempeño logístico: Total (De 1= bajo a 5= alto)","LP.LPI.OVRL.XQ","","","","","","","","","","","","","","","","","","","","","","","","","","","","","","","","","","","","","","","","","","","","","","","","","","","","","","","","","","","","","","","","","",
"Estados pequeos de las Islas del Pacfico","PSS","Índice de desempeño logístico: Total (De 1= bajo a 5= alto)","LP.LPI.OVRL.XQ","","","","","","","","","","","","","","","","","","","","","","","","","","","","","","","","","","","","","","","","","","","","","","","","2.08","","","2.275","","2.415","","2.5662655","","2.3667535","","2.46","","","","2.55","","",
"posterior al dividendo demográfico","PST","Índice de desempeño logístico: Total (De 1= bajo a 5= alto)","LP.LPI.OVRL.XQ","","","","","","","","","","","","","","","","","","","","","","","","","","","","","","","","","","","","","","","","","","","","","","","","3.55454545454545","","","3.52823529411765","","3.54657142857143","","3.572267","","3.61836208571429","","3.58171428571429","","","","3.60555555555556","","",
"Polinesia Francesa","PYF","Índice de desempeño logístico: Total (De 1= bajo a 5= alto)","LP.LPI.OVRL.XQ","","","","","","","","","","","","","","","","","","","","","","","","","","","","","","","","","","","","","","","","","","","","","","","","","","","","","","","","","","","","","","","","","",
"Qatar","QAT","Índice de desempeño logístico: Total (De 1= bajo a 5= alto)","LP.LPI.OVRL.XQ","","","","","","","","","","","","","","","","","","","","","","","","","","","","","","","","","","","","","","","","","","","","","","","","2.98","","","2.95","","3.32","","3.516657","","3.599232","","3.47","","","","3.5","","",
"Rumania","ROU","Índice de desempeño logístico: Total (De 1= bajo a 5= alto)","LP.LPI.OVRL.XQ","","","","","","","","","","","","","","","","","","","","","","","","","","","","","","","","","","","","","","","","","","","","","","","","2.91","","","2.84","","3","","3.261155","","2.99312","","3.12","","","","3.2","","",
"Federación de Rusia","RUS","Índice de desempeño logístico: Total (De 1= bajo a 5= alto)","LP.LPI.OVRL.XQ","","","","","","","","","","","","","","","","","","","","","","","","","","","","","","","","","","","","","","","","","","","","","","","","2.37","","","2.61","","2.58","","2.694479","","2.570864","","2.76","","","","2.6","","",
"Rwanda","RWA","Índice de desempeño logístico: Total (De 1= bajo a 5= alto)","LP.LPI.OVRL.XQ","","","","","","","","","","","","","","","","","","","","","","","","","","","","","","","","","","","","","","","","","","","","","","","","1.77","","","2.04","","2.27","","2.759116","","2.986229","","2.97","","","","2.8","","",
"Asia meridional","SAS","Índice de desempeño logístico: Total (De 1= bajo a 5= alto)","LP.LPI.OVRL.XQ","","","","","","","","","","","","","","","","","","","","","","","","","","","","","","","","","","","","","","","","","","","","","","","","2.448","","","2.52166666666667","","2.588","","2.660716","","2.6590482","","2.61833333333333","","","","2.825","","",
"Arabia Saudita","SAU","Índice de desempeño logístico: Total (De 1= bajo a 5= alto)","LP.LPI.OVRL.XQ","","","","","","","","","","","","","","","","","","","","","","","","","","","","","","","","","","","","","","","","","","","","","","","","3.02","","","3.22","","3.18","","3.148437","","3.156376","","3.01","","","","3.4","","",
"Sudán","SDN","Índice de desempeño logístico: Total (De 1= bajo a 5= alto)","LP.LPI.OVRL.XQ","","","","","","","","","","","","","","","","","","","","","","","","","","","","","","","","","","","","","","","","","","","","","","","","2.71","","","2.21","","2.1","","2.160954","","2.530408","","2.43","","","","2.4","","",
"Senegal","SEN","Índice de desempeño logístico: Total (De 1= bajo a 5= alto)","LP.LPI.OVRL.XQ","","","","","","","","","","","","","","","","","","","","","","","","","","","","","","","","","","","","","","","","","","","","","","","","2.37","","","2.86","","2.49","","2.62217","","2.327711","","2.25","","","","","","",
"Singapur","SGP","Índice de desempeño logístico: Total (De 1= bajo a 5= alto)","LP.LPI.OVRL.XQ","","","","","","","","","","","","","","","","","","","","","","","","","","","","","","","","","","","","","","","","","","","","","","","","4.19","","","4.09","","4.13","","4.004448","","4.143632","","4","","","","4.3","","",
"Islas Salomón","SLB","Índice de desempeño logístico: Total (De 1= bajo a 5= alto)","LP.LPI.OVRL.XQ","","","","","","","","","","","","","","","","","","","","","","","","","","","","","","","","","","","","","","","","","","","","","","","","2.08","","","2.31","","2.41","","2.587528","","2.417321","","2.57","","","","2.8","","",
"Sierra Leona","SLE","Índice de desempeño logístico: Total (De 1= bajo a 5= alto)","LP.LPI.OVRL.XQ","","","","","","","","","","","","","","","","","","","","","","","","","","","","","","","","","","","","","","","","","","","","","","","","1.95","","","1.97","","2.08","","","","2.025402","","2.08","","","","","","",
"El Salvador","SLV","Índice de desempeño logístico: Total (De 1= bajo a 5= alto)","LP.LPI.OVRL.XQ","","","","","","","","","","","","","","","","","","","","","","","","","","","","","","","","","","","","","","","","","","","","","","","","2.66","","","2.67","","2.6","","2.960467","","2.705726","","2.58","","","","2.7","","",
"San Marino","SMR","Índice de desempeño logístico: Total (De 1= bajo a 5= alto)","LP.LPI.OVRL.XQ","","","","","","","","","","","","","","","","","","","","","","","","","","","","","","","","","","","","","","","","","","","","","","","","","","","","","","","","","","","","","","","","","",
"Somalia","SOM","Índice de desempeño logístico: Total (De 1= bajo a 5= alto)","LP.LPI.OVRL.XQ","","","","","","","","","","","","","","","","","","","","","","","","","","","","","","","","","","","","","","","","","","","","","","","","2.16","","","1.34","","","","1.773126","","1.747098","","2.21","","","","2","","",
"Serbia","SRB","Índice de desempeño logístico: Total (De 1= bajo a 5= alto)","LP.LPI.OVRL.XQ","","","","","","","","","","","","","","","","","","","","","","","","","","","","","","","","","","","","","","","","","","","","","","","","2.28","","","2.69","","2.8","","2.962556","","2.762577","","2.84","","","","2.8","","",
"África al sur del Sahara (excluido altos ingresos)","SSA","Índice de desempeño logístico: Total (De 1= bajo a 5= alto)","LP.LPI.OVRL.XQ","","","","","","","","","","","","","","","","","","","","","","","","","","","","","","","","","","","","","","","","","","","","","","","","2.34789473684211","","","2.42228571428571","","2.4625","","2.45797617073171","","2.47240684615385","","2.44974358974359","","","","2.53461538461538","","",
"Sudán del Sur","SSD","Índice de desempeño logístico: Total (De 1= bajo a 5= alto)","LP.LPI.OVRL.XQ","","","","","","","","","","","","","","","","","","","","","","","","","","","","","","","","","","","","","","","","","","","","","","","","","","","","","","","","","","","","","","","","","",
"África al sur del Sahara","SSF","Índice de desempeño logístico: Total (De 1= bajo a 5= alto)","LP.LPI.OVRL.XQ","","","","","","","","","","","","","","","","","","","","","","","","","","","","","","","","","","","","","","","","","","","","","","","","2.3474358974359","","","2.42194444444444","","2.45648648648649","","2.46120590476191","","2.47001585","","2.44974358974359","","","","2.53461538461538","","",
"Pequeños Estados","SST","Índice de desempeño logístico: Total (De 1= bajo a 5= alto)","LP.LPI.OVRL.XQ","","","","","","","","","","","","","","","","","","","","","","","","","","","","","","","","","","","","","","","","","","","","","","","","2.328","","","2.61785714285714","","2.62133333333333","","2.7374184","","2.6649140625","","2.68235294117647","","","","2.82","","",
"Santo Tomé y Príncipe","STP","Índice de desempeño logístico: Total (De 1= bajo a 5= alto)","LP.LPI.OVRL.XQ","","","","","","","","","","","","","","","","","","","","","","","","","","","","","","","","","","","","","","","","","","","","","","","","2.86","","","","","2.48","","2.733896","","2.325633","","2.65","","","","","","",
"Suriname","SUR","Índice de desempeño logístico: Total (De 1= bajo a 5= alto)","LP.LPI.OVRL.XQ","","","","","","","","","","","","","","","","","","","","","","","","","","","","","","","","","","","","","","","","","","","","","","","","","","","","","","","","","","","","","","","","","",
"República Eslovaca","SVK","Índice de desempeño logístico: Total (De 1= bajo a 5= alto)","LP.LPI.OVRL.XQ","","","","","","","","","","","","","","","","","","","","","","","","","","","","","","","","","","","","","","","","","","","","","","","","2.92","","","3.24","","3.03","","3.254533","","3.336895","","3.03","","","","3.3","","",
"Eslovenia","SVN","Índice de desempeño logístico: Total (De 1= bajo a 5= alto)","LP.LPI.OVRL.XQ","","","","","","","","","","","","","","","","","","","","","","","","","","","","","","","","","","","","","","","","","","","","","","","","3.14","","","2.87","","3.29","","3.383272","","3.184508","","3.31","","","","3.3","","",
"Suecia","SWE","Índice de desempeño logístico: Total (De 1= bajo a 5= alto)","LP.LPI.OVRL.XQ","","","","","","","","","","","","","","","","","","","","","","","","","","","","","","","","","","","","","","","","","","","","","","","","4.08","","","4.08","","3.85","","3.961349","","4.204593","","4.05","","","","4","","",
"Eswatini","SWZ","Índice de desempeño logístico: Total (De 1= bajo a 5= alto)","LP.LPI.OVRL.XQ","","","","","","","","","","","","","","","","","","","","","","","","","","","","","","","","","","","","","","","","","","","","","","","","","","","","","","","","","","","","","","","","","",
"Sint Maarten (Dutch part)","SXM","Índice de desempeño logístico: Total (De 1= bajo a 5= alto)","LP.LPI.OVRL.XQ","","","","","","","","","","","","","","","","","","","","","","","","","","","","","","","","","","","","","","","","","","","","","","","","","","","","","","","","","","","","","","","","","",
"Seychelles","SYC","Índice de desempeño logístico: Total (De 1= bajo a 5= alto)","LP.LPI.OVRL.XQ","","","","","","","","","","","","","","","","","","","","","","","","","","","","","","","","","","","","","","","","","","","","","","","","","","","","","","","","","","","","","","","","","",
"República Árabe Siria","SYR","Índice de desempeño logístico: Total (De 1= bajo a 5= alto)","LP.LPI.OVRL.XQ","","","","","","","","","","","","","","","","","","","","","","","","","","","","","","","","","","","","","","","","","","","","","","","","2.09","","","2.74","","2.6","","2.090922","","1.598322","","2.3","","","","2.3","","",
"Islas Turcas y Caicos","TCA","Índice de desempeño logístico: Total (De 1= bajo a 5= alto)","LP.LPI.OVRL.XQ","","","","","","","","","","","","","","","","","","","","","","","","","","","","","","","","","","","","","","","","","","","","","","","","","","","","","","","","","","","","","","","","","",
"Chad","TCD","Índice de desempeño logístico: Total (De 1= bajo a 5= alto)","LP.LPI.OVRL.XQ","","","","","","","","","","","","","","","","","","","","","","","","","","","","","","","","","","","","","","","","","","","","","","","","1.98","","","2.49","","2.03","","2.52968","","2.164453","","2.42","","","","","","",
"Asia oriental y el Pacífico (BIRF y la AIF)","TEA","Índice de desempeño logístico: Total (De 1= bajo a 5= alto)","LP.LPI.OVRL.XQ","","","","","","","","","","","","","","","","","","","","","","","","","","","","","","","","","","","","","","","","","","","","","","","","2.58153846153846","","","2.72692307692308","","2.77230769230769","","2.85316438461538","","2.787426","","2.81538461538462","","","","2.95833333333333","","",
"Europa y Asia central (BIRF y la AIF)","TEC","Índice de desempeño logístico: Total (De 1= bajo a 5= alto)","LP.LPI.OVRL.XQ","","","","","","","","","","","","","","","","","","","","","","","","","","","","","","","","","","","","","","","","","","","","","","","","2.45684210526316","","","2.70047619047619","","2.75428571428571","","2.77509652380952","","2.61614176190476","","2.7647619047619","","","","2.835","","",
"Togo","TGO","Índice de desempeño logístico: Total (De 1= bajo a 5= alto)","LP.LPI.OVRL.XQ","","","","","","","","","","","","","","","","","","","","","","","","","","","","","","","","","","","","","","","","","","","","","","","","2.25","","","2.6","","2.58","","2.31846","","2.617778","","2.45","","","","2.5","","",
"Tailandia","THA","Índice de desempeño logístico: Total (De 1= bajo a 5= alto)","LP.LPI.OVRL.XQ","","","","","","","","","","","","","","","","","","","","","","","","","","","","","","","","","","","","","","","","","","","","","","","","3.31","","","3.29","","3.18","","3.42958","","3.2551","","3.41","","","","3.5","","",
"Tayikistán","TJK","Índice de desempeño logístico: Total (De 1= bajo a 5= alto)","LP.LPI.OVRL.XQ","","","","","","","","","","","","","","","","","","","","","","","","","","","","","","","","","","","","","","","","","","","","","","","","1.93","","","2.35","","2.28","","2.527419","","2.062743","","2.34","","","","2.5","","",
"Turkmenistán","TKM","Índice de desempeño logístico: Total (De 1= bajo a 5= alto)","LP.LPI.OVRL.XQ","","","","","","","","","","","","","","","","","","","","","","","","","","","","","","","","","","","","","","","","","","","","","","","","","","","2.49","","","","2.30495","","2.211396","","2.41","","","","","","",
"América Latina y el Caribe (BIRF y la AIF)","TLA","Índice de desempeño logístico: Total (De 1= bajo a 5= alto)","LP.LPI.OVRL.XQ","","","","","","","","","","","","","","","","","","","","","","","","","","","","","","","","","","","","","","","","","","","","","","","","2.56952380952381","","","2.77285714285714","","2.7315","","2.79037866666667","","2.67489986363636","","2.69285714285714","","","","2.71304347826087","","",
"Timor-Leste","TLS","Índice de desempeño logístico: Total (De 1= bajo a 5= alto)","LP.LPI.OVRL.XQ","","","","","","","","","","","","","","","","","","","","","","","","","","","","","","","","","","","","","","","","","","","","","","","","1.71","","","","","","","","","","","","","","","","","",
"Oriente Medio y Norte de África (BIRF y la AIF)","TMN","Índice de desempeño logístico: Total (De 1= bajo a 5= alto)","LP.LPI.OVRL.XQ","","","","","","","","","","","","","","","","","","","","","","","","","","","","","","","","","","","","","","","","","","","","","","","","2.29083333333333","","","2.56769230769231","","2.57714285714286","","2.49005366666667","","2.52247761538462","","2.46428571428571","","","","2.36666666666667","","",
"Tonga","TON","Índice de desempeño logístico: Total (De 1= bajo a 5= alto)","LP.LPI.OVRL.XQ","","","","","","","","","","","","","","","","","","","","","","","","","","","","","","","","","","","","","","","","","","","","","","","","","","","","","","","","","","","","","","","","","",
"Asia meridional (BIRF y la AIF)","TSA","Índice de desempeño logístico: Total (De 1= bajo a 5= alto)","LP.LPI.OVRL.XQ","","","","","","","","","","","","","","","","","","","","","","","","","","","","","","","","","","","","","","","","","","","","","","","","2.448","","","2.52166666666667","","2.588","","2.660716","","2.6590482","","2.61833333333333","","","","2.825","","",
"África al sur del Sahara (BIRF y la AIF)","TSS","Índice de desempeño logístico: Total (De 1= bajo a 5= alto)","LP.LPI.OVRL.XQ","","","","","","","","","","","","","","","","","","","","","","","","","","","","","","","","","","","","","","","","","","","","","","","","2.3474358974359","","","2.42194444444444","","2.45648648648649","","2.46120590476191","","2.47001585","","2.44974358974359","","","","2.53461538461538","","",
"Trinidad y Tobago","TTO","Índice de desempeño logístico: Total (De 1= bajo a 5= alto)","LP.LPI.OVRL.XQ","","","","","","","","","","","","","","","","","","","","","","","","","","","","","","","","","","","","","","","","","","","","","","","","","","","","","","","","","2.398418","","2.42","","","","2.5","","",
"Túnez","TUN","Índice de desempeño logístico: Total (De 1= bajo a 5= alto)","LP.LPI.OVRL.XQ","","","","","","","","","","","","","","","","","","","","","","","","","","","","","","","","","","","","","","","","","","","","","","","","2.76","","","2.84","","3.17","","2.550996","","2.496688","","2.57","","","","","","",
"Turquía","TUR","Índice de desempeño logístico: Total (De 1= bajo a 5= alto)","LP.LPI.OVRL.XQ","","","","","","","","","","","","","","","","","","","","","","","","","","","","","","","","","","","","","","","","","","","","","","","","3.15","","","3.22","","3.51","","3.500225","","3.423693","","3.15","","","","3.4","","",
"Tuvalu","TUV","Índice de desempeño logístico: Total (De 1= bajo a 5= alto)","LP.LPI.OVRL.XQ","","","","","","","","","","","","","","","","","","","","","","","","","","","","","","","","","","","","","","","","","","","","","","","","","","","","","","","","","","","","","","","","","",
"Tanzanía","TZA","Índice de desempeño logístico: Total (De 1= bajo a 5= alto)","LP.LPI.OVRL.XQ","","","","","","","","","","","","","","","","","","","","","","","","","","","","","","","","","","","","","","","","","","","","","","","","2.08","","","2.6","","2.65","","2.330834","","2.990185","","","","","","","","",
"Uganda","UGA","Índice de desempeño logístico: Total (De 1= bajo a 5= alto)","LP.LPI.OVRL.XQ","","","","","","","","","","","","","","","","","","","","","","","","","","","","","","","","","","","","","","","","","","","","","","","","2.49","","","2.82","","","","","","3.043284","","2.58","","","","","","",
"Ucrania","UKR","Índice de desempeño logístico: Total (De 1= bajo a 5= alto)","LP.LPI.OVRL.XQ","","","","","","","","","","","","","","","","","","","","","","","","","","","","","","","","","","","","","","","","","","","","","","","","2.55","","","2.57","","2.85","","2.976444","","2.736683","","2.83","","","","2.7","","",
"Ingreso mediano alto","UMC","Índice de desempeño logístico: Total (De 1= bajo a 5= alto)","LP.LPI.OVRL.XQ","","","","","","","","","","","","","","","","","","","","","","","","","","","","","","","","","","","","","","","","","","","","","","","","2.5853125","","","2.69425","","2.7435","","2.771964925","","2.6815883","","2.71475","","","","2.77368421052632","","",
"Uruguay","URY","Índice de desempeño logístico: Total (De 1= bajo a 5= alto)","LP.LPI.OVRL.XQ","","","","","","","","","","","","","","","","","","","","","","","","","","","","","","","","","","","","","","","","","","","","","","","","2.51","","","2.75","","2.98","","2.678649","","2.974545","","2.69","","","","3","","",
"Estados Unidos","USA","Índice de desempeño logístico: Total (De 1= bajo a 5= alto)","LP.LPI.OVRL.XQ","","","","","","","","","","","","","","","","","","","","","","","","","","","","","","","","","","","","","","","","","","","","","","","","3.84","","","3.86","","3.93","","3.917825","","3.992172","","3.89","","","","3.8","","",
"Uzbekistán","UZB","Índice de desempeño logístico: Total (De 1= bajo a 5= alto)","LP.LPI.OVRL.XQ","","","","","","","","","","","","","","","","","","","","","","","","","","","","","","","","","","","","","","","","","","","","","","","","2.16","","","2.79","","2.46","","2.39477","","2.404525","","2.58","","","","2.6","","",
"San Vicente y las Granadinas","VCT","Índice de desempeño logístico: Total (De 1= bajo a 5= alto)","LP.LPI.OVRL.XQ","","","","","","","","","","","","","","","","","","","","","","","","","","","","","","","","","","","","","","","","","","","","","","","","","","","","","","","","","","","","","","","","","",
"Venezuela","VEN","Índice de desempeño logístico: Total (De 1= bajo a 5= alto)","LP.LPI.OVRL.XQ","","","","","","","","","","","","","","","","","","","","","","","","","","","","","","","","","","","","","","","","","","","","","","","","2.62","","","2.68","","2.49","","2.808111","","2.39078","","2.23","","","","2.3","","",
"Islas Vírgenes Británicas","VGB","Índice de desempeño logístico: Total (De 1= bajo a 5= alto)","LP.LPI.OVRL.XQ","","","","","","","","","","","","","","","","","","","","","","","","","","","","","","","","","","","","","","","","","","","","","","","","","","","","","","","","","","","","","","","","","",
"Islas Vírgenes (EE.UU.)","VIR","Índice de desempeño logístico: Total (De 1= bajo a 5= alto)","LP.LPI.OVRL.XQ","","","","","","","","","","","","","","","","","","","","","","","","","","","","","","","","","","","","","","","","","","","","","","","","","","","","","","","","","","","","","","","","","",
"Viet Nam","VNM","Índice de desempeño logístico: Total (De 1= bajo a 5= alto)","LP.LPI.OVRL.XQ","","","","","","","","","","","","","","","","","","","","","","","","","","","","","","","","","","","","","","","","","","","","","","","","2.89","","","2.96","","3","","3.154763","","2.976629","","3.27","","","","3.3","","",
"Vanuatu","VUT","Índice de desempeño logístico: Total (De 1= bajo a 5= alto)","LP.LPI.OVRL.XQ","","","","","","","","","","","","","","","","","","","","","","","","","","","","","","","","","","","","","","","","","","","","","","","","","","","","","","","","","","","","","","","","","",
"Mundo","WLD","Índice de desempeño logístico: Total (De 1= bajo a 5= alto)","LP.LPI.OVRL.XQ","","","","","","","","","","","","","","","","","","","","","","","","","","","","","","","","","","","","","","","","","","","","","","","","2.74013333333333","","","2.86612903225806","","2.87051948051948","","2.8942791625","","2.88372565625","","2.86625","","","","3","","",
"Samoa","WSM","Índice de desempeño logístico: Total (De 1= bajo a 5= alto)","LP.LPI.OVRL.XQ","","","","","","","","","","","","","","","","","","","","","","","","","","","","","","","","","","","","","","","","","","","","","","","","","","","","","","","","","","","","","","","","","",
"Kosovo","XKX","Índice de desempeño logístico: Total (De 1= bajo a 5= alto)","LP.LPI.OVRL.XQ","","","","","","","","","","","","","","","","","","","","","","","","","","","","","","","","","","","","","","","","","","","","","","","","","","","","","","","","","","","","","","","","","",
"Yemen, Rep. del","YEM","Índice de desempeño logístico: Total (De 1= bajo a 5= alto)","LP.LPI.OVRL.XQ","","","","","","","","","","","","","","","","","","","","","","","","","","","","","","","","","","","","","","","","","","","","","","","","2.29","","","2.58","","2.89","","2.18395","","","","2.27","","","","2.2","","",
"Sudáfrica","ZAF","Índice de desempeño logístico: Total (De 1= bajo a 5= alto)","LP.LPI.OVRL.XQ","","","","","","","","","","","","","","","","","","","","","","","","","","","","","","","","","","","","","","","","","","","","","","","","3.53","","","3.46","","3.67","","3.431244","","3.775321","","3.38","","","","3.7","","",
"Zambia","ZMB","Índice de desempeño logístico: Total (De 1= bajo a 5= alto)","LP.LPI.OVRL.XQ","","","","","","","","","","","","","","","","","","","","","","","","","","","","","","","","","","","","","","","","","","","","","","","","2.37","","","2.28","","","","2.462674","","2.429813","","2.53","","","","","","",
"Zimbabwe","ZWE","Índice de desempeño logístico: Total (De 1= bajo a 5= alto)","LP.LPI.OVRL.XQ","","","","","","","","","","","","","","","","","","","","","","","","","","","","","","","","","","","","","","","","","","","","","","","","2.29","","","","","2.55","","2.33928","","2.082408","","2.12","","","","2.5","","",
